<?xml version="1.0" encoding="UTF-8"?>

<configuration scan="true" scanPeriod="10 seconds">

	<timestamp key="myTimestamp"
		datePattern="yyyy-MM-dd_HH-mm-ss" />

	<!-- Simple file output -->
	<appender name="FILE"
		class="ch.qos.logback.core.rolling.RollingFileAppender">

		<encoder>
			<pattern>${myTimestamp} [%thread] %-5level %logger{36} - %msg%n
			</pattern>
		</encoder>

		<rollingPolicy
			class="ch.qos.logback.core.rolling.TimeBasedRollingPolicy">

			<fileNamePattern>logs/activity-%d{yyyy-MM-dd}.%i.log
			</fileNamePattern>
			<timeBasedFileNamingAndTriggeringPolicy
				class="ch.qos.logback.core.rolling.SizeAndTimeBasedFNATP">
				<!-- or whenever the file size reaches 64 MB -->
				<maxFileSize>64 MB</maxFileSize>
			</timeBasedFileNamingAndTriggeringPolicy>
		</rollingPolicy>
		<filter class="ch.qos.logback.classic.filter.LevelFilter">
			<level>INFO</level>
			<onMatch>ACCEPT</onMatch>
			<onMismatch>DENY</onMismatch>
		</filter>
		<prudent>true</prudent>
	</appender>

	<appender name="ERRORFILE"
		class="ch.qos.logback.core.rolling.RollingFileAppender">

		<encoder>
			<pattern>${myTimestamp} [%thread] %-5level %logger{36} - %msg%n
			</pattern>
		</encoder>

		<rollingPolicy
			class="ch.qos.logback.core.rolling.TimeBasedRollingPolicy">
			<fileNamePattern>logs/error-%d{yyyy-MM-dd}.%i.log</fileNamePattern>

			<timeBasedFileNamingAndTriggeringPolicy
				class="ch.qos.logback.core.rolling.SizeAndTimeBasedFNATP">
				<!-- or whenever the file size reaches 64 MB -->
				<maxFileSize>64 MB</maxFileSize>
			</timeBasedFileNamingAndTriggeringPolicy>
		</rollingPolicy>
		<filter class="ch.qos.logback.classic.filter.LevelFilter">
			<level>ERROR</level>
			<onMatch>ACCEPT</onMatch>
			<onMismatch>DENY</onMismatch>
		</filter>
		<!-- Safely log to the same file from multiple JVMs. Degrades performance! -->
		<prudent>true</prudent>
	</appender>

	<!-- Console output -->
	<appender name="Console"
        class="ch.qos.logback.core.ConsoleAppender">
        <layout class="ch.qos.logback.classic.PatternLayout">
            <Pattern>
                %black(%d{ISO8601}) %highlight(%-5level) [%blue(%t)] %yellow(%C{1.}): %msg%n%throwable
            </Pattern>
        </layout>
    </appender>

	<root level="INFO">
		<appender-ref ref="ERRORFILE" />
		<appender-ref ref="FILE" />
		<appender-ref ref="Console" />
	</root>

</configuration>